<?xml version="1.0" encoding="UTF-8" standalone="yes"?>
<ns2:PurchaseOrder xmlns:ns2="http://ebay.in/sales/types">
    <orderItems>
        <item>
            <itemCode>IC202</itemCode>
            <quantity>20</quantity>
        </item>
    </orderItems>
    <shippingAddress ns2:type="Permanent">
        <addressLine1>SR Nagar</addressLine1>
        <addressLine2>Ameerpet</addressLine2>
        <city>Hyderabad</city>
        <state>TG</state>
        <zip>5797990</zip>
        <country>India</country>
    </shippingAddress>
</ns2:PurchaseOrder>
