<?xml version="1.0" encoding="UTF-8"?>
<!DOCTYPE hibernate-configuration PUBLIC
		"-//Hibernate/Hibernate Configuration DTD 3.0//EN"
		"http://hibernate.sourceforge.net/hibernate-configuration-3.0.dtd">
<hibernate-configuration>
	<session-factory>
		<property name="hibernate.connection.driver_class">oracle.jdbc.driver.OracleDriver</property>
		<property name="hibernate.connection.password">admin</property>
		<property name="hibernate.connection.url">jdbc:oracle:thin:@localhost:1521/XE</property>
		<property name="hibernate.connection.username">system</property>

		<property name="show_sql">true</property>
		<property name="format_sql">true</property>
		<!-- <mapping class="com.nit.apps.oto.Person" />
		<mapping class="com.nit.apps.oto.Passport" /> -->
		
		<mapping class="com.nit.apps.otm.Author" />
		<mapping class="com.nit.apps.otm.Book" />
		
		<!-- <mapping class="com.nit.apps.mto.Student" />
		<mapping class="com.nit.apps.mto.Address" /> -->
		
		<!-- <mapping class="com.nit.apps.mtm.Employee" />
		<mapping class="com.nit.apps.mtm.Project" /> -->


	</session-factory>
</hibernate-configuration>
