<?xml version="1.0"?>
<!DOCTYPE hibernate-mapping PUBLIC "-//Hibernate/Hibernate Mapping DTD 3.0//EN"
"http://hibernate.sourceforge.net/hibernate-mapping-3.0.dtd">
<!-- Generated Jan 23, 2018 9:32:41 AM by Hibernate Tools 3.4.0.CR1 -->
<hibernate-mapping>
	<class name="com.otm.entiteis.Author" table="AUTHOR_DETAILS">
		<id name="authorId" type="java.lang.Integer">
			<column name="AUTHOR_ID" />
			<generator class="increment" />
		</id>
		<property name="authorName" type="java.lang.String">
			<column name="AUTHOR_NAME" />
		</property>
		<property name="email" type="java.lang.String">
			<column name="EMAIL" />
		</property>

		<map name="books" table="BOOK_DETAILS" cascade="all">
			<key column="AUTHOR_ID" />
			<map-key type="java.lang.String" column="insert_order" />
			<one-to-many class="com.otm.entiteis.Book" />
		</map>


	</class>
</hibernate-mapping>
