<?xml version="1.0" encoding="UTF-8"?>
<!DOCTYPE hibernate-configuration PUBLIC
		"-//Hibernate/Hibernate Configuration DTD 3.0//EN"
		"http://hibernate.sourceforge.net/hibernate-configuration-3.0.dtd">
<hibernate-configuration>
	<session-factory>
		<property name="hibernate.connection.driver_class">oracle.jdbc.driver.OracleDriver</property>
		<property name="hibernate.connection.password">admin</property>
		<property name="hibernate.connection.url">jdbc:oracle:thin:@localhost:1521/XE</property>
		<property name="hibernate.connection.username">system</property>

		<property name="show_sql">true</property>
		<property name="format_sql">true</property>

		<property name="hibernate.cache.use_second_level_cache">
			false
		</property>

		<property name="hibernate.cache.region.factory_class">
			org.hibernate.cache.ehcache.EhCacheRegionFactory
		</property>

		<property name="hibernate.cache.provider_configuration_file_resource_path">
	ehcache.xml
		</property>
		
		<property name="hibernate.cache.use_query_cache">true</property>
		
		<mapping class="com.nit.entities.Order"/> 


	</session-factory>
</hibernate-configuration>
