<?xml version="1.0"?>
<!DOCTYPE hibernate-mapping PUBLIC "-//Hibernate/Hibernate Mapping DTD 3.0//EN"
"http://hibernate.sourceforge.net/hibernate-mapping-3.0.dtd">
<!-- Generated Jan 26, 2018 9:41:55 AM by Hibernate Tools 3.4.0.CR1 -->
<hibernate-mapping>
    <class name="com.mto.entities.State" table="STATE">
        <id name="stateId" type="java.lang.Integer">
            <column name="STATE_ID" />
            <generator class="increment" />
        </id>
        <property name="stateName" type="java.lang.String">
            <column name="STATE_NAME" />
        </property>
        <many-to-one 
        	name="country" 
        	class="com.mto.entities.Country" 
        	fetch="select"
        	cascade="all">
            <column name="COUNTRY_ID" />
        </many-to-one>
    </class>
</hibernate-mapping>
