<?xml version="1.0"?>
<!DOCTYPE hibernate-mapping PUBLIC "-//Hibernate/Hibernate Mapping DTD 3.0//EN"
"http://hibernate.sourceforge.net/hibernate-mapping-3.0.dtd">
<!-- Generated Dec 23, 2017 8:35:59 AM by Hibernate Tools 3.4.0.CR1 -->
<hibernate-mapping>
	<class name="com.nit.entities.Country" table="COUNTRY">
		<id name="countryId" type="java.lang.Integer">
			<column name="COUNTRY_ID" />
		</id>
		<property name="countryCode" type="java.lang.String">
			<column name="COUNTRY_CODE" />
		</property>
		<property name="countryName" type="java.lang.String">
			<column name="COUNTRY_NAME" />
		</property>
	</class>
</hibernate-mapping>
