<?xml version="1.0"?>
<!DOCTYPE hibernate-mapping PUBLIC "-//Hibernate/Hibernate Mapping DTD 3.0//EN"
"http://hibernate.sourceforge.net/hibernate-mapping-3.0.dtd">
<!-- Generated Dec 23, 2017 8:35:59 AM by Hibernate Tools 3.4.0.CR1 -->
<hibernate-mapping>
	<class name="com.nit.entities.State" table="STATE">
		<id name="stateId" type="java.lang.Integer">
			<column name="STATE_ID" />
		</id>
		<property name="stateName" type="java.lang.String">
			<column name="STATE_NAME" />
		</property>
		<many-to-one name="country" class="com.nit.entities.Country"
			cascade="all" fetch="join">
		</many-to-one>
	</class>
</hibernate-mapping>
