<?xml version="1.0"?>
<!DOCTYPE hibernate-mapping PUBLIC "-//Hibernate/Hibernate Mapping DTD 3.0//EN"
"http://hibernate.sourceforge.net/hibernate-mapping-3.0.dtd">
<!-- Generated Jan 23, 2018 9:58:17 PM by Hibernate Tools 3.5.0.Final -->
<hibernate-mapping>
	<class name="com.otm.entiteis.Author" table="AUTHOR_DETAILS">
		<id name="aid" type="java.lang.Integer">
			<column name="A_ID" />
			<generator class="increment" />
		</id>
		<property name="name" type="java.lang.String">
			<column name="A_NAME" />
		</property>
		<property name="email" type="java.lang.String">
			<column name="A_EMAIL" />
		</property>
		<set name="books" table="BOOK_DETAILS" cascade="all">
			<key>
				<column name="A_ID" />
			</key>
			<one-to-many class="com.otm.entiteis.Book" />
		</set>
	</class>
</hibernate-mapping>
