<?xml version="1.0"?>
<!DOCTYPE hibernate-mapping PUBLIC "-//Hibernate/Hibernate Mapping DTD 3.0//EN"
"http://hibernate.sourceforge.net/hibernate-mapping-3.0.dtd">
<!-- Generated Jan 23, 2018 9:58:17 PM by Hibernate Tools 3.5.0.Final -->
<hibernate-mapping>
	<class name="com.otm.entiteis.Book" table="BOOK_DETAILS">
		<id name="bid" type="java.lang.Integer">
			<column name="B_ID" />
			<generator class="increment" />
		</id>
		<property name="name" type="java.lang.String">
			<column name="B_NAME" />
		</property>
		<property name="price" type="java.lang.Double">
			<column name="PRICE" />
		</property>
		<property name="isbn" type="java.lang.String">
			<column name="ISBN" />
		</property>
	</class>
</hibernate-mapping>
