<?xml version="1.0"?>
<!DOCTYPE hibernate-mapping PUBLIC "-//Hibernate/Hibernate Mapping DTD 3.0//EN"
"http://hibernate.sourceforge.net/hibernate-mapping-3.0.dtd">
<!-- Generated Dec 21, 2017 8:30:28 AM by Hibernate Tools 3.4.0.CR1 -->
<hibernate-mapping>
	<class name="com.nit.entities.Author" table="AUTHOR">
		<id name="aid" type="java.lang.Integer">
			<column name="AUTHOR_ID" />
		</id>
		<property name="authorName" type="java.lang.String">
			<column name="AUTHOR_NAME" />
		</property>
		<property name="email" type="java.lang.String">
			<column name="EMAIL" />
		</property>
		<set name="books" table="BOOK" cascade="all-delete-orphan" lazy="false">
			<key>
				<column name="AUTHOR_ID" />
			</key>
			<one-to-many class="com.nit.entities.Book" />
		</set>
	</class>
</hibernate-mapping>
