<?xml version="1.0"?>
<!DOCTYPE hibernate-mapping PUBLIC "-//Hibernate/Hibernate Mapping DTD 3.0//EN"
"http://hibernate.sourceforge.net/hibernate-mapping-3.0.dtd">
<!-- Generated Dec 21, 2017 8:30:28 AM by Hibernate Tools 3.4.0.CR1 -->
<hibernate-mapping>
	<class name="com.nit.entities.Book" table="BOOK">
		<id name="bookId" type="java.lang.Integer">
			<column name="BOOK_ID" />
		</id>
		<property name="bookName" type="java.lang.String">
			<column name="BOOK_NAME" />
		</property>
		<property name="isbn" type="java.lang.String">
			<column name="ISBN" />
		</property>
		<property name="price" type="java.lang.Double">
			<column name="PRICE" />
		</property>
	</class>
</hibernate-mapping>
