<?xml version="1.0" encoding="UTF-8"?>
<airtel:bill-info xmlns:airtel="http://www.airtel.in/payments" xmlns:xsi="http://www.w3.org/2001/XMLSchema-instance" xsi:schemaLocation="http://www.airtel.in/payments file:///C:/NIT/Webservices/XSD-Namespaces/AirtelBillType.xsd http://www.airtel.in/payments 
file:///C:/NIT/Webservices/XSD-Namespaces/Paytym.xsd
" >
	<airtel:mobileNum>9797979</airtel:mobileNum>
	<airtel:customer-name>John</airtel:customer-name>
	<airtel:bill-amount>560.00</airtel:bill-amount>
	<airtel:paytm>
		<airtel:consumer-name>paytm</airtel:consumer-name>
		<airtel:charges>30.00</airtel:charges>
	</airtel:paytm>
</airtel:bill-info>
