<?xml version="1.0" encoding="UTF-8"?>
<fp:customer-info xmlns:fp="http://www.flipkart.com/sales" xmlns:xsi="http://www.w3.org/2001/XMLSchema-instance" xsi:schemaLocation="http://www.flipkart.com/sales file:///C:/NIT/Webservices/XSD-Namespaces/Customer.xsd">
	<fp:fist-name>Raja</fp:fist-name>
	<fp:last-name>R</fp:last-name>
	<fp:email>raja@In.com</fp:email>
	<fp:invoice-info>
		<fp:invoice-id>1001</fp:invoice-id>
		<fp:bill-amount>5000.05</fp:bill-amount>
		<fp:generated-dt>2018-03-05</fp:generated-dt>
	</fp:invoice-info>
</fp:customer-info>
