<?xml version="1.0" encoding="UTF-8" standalone="no"?>
<beans xmlns="http://www.springframework.org/schema/beans"
	xmlns:context="http://www.springframework.org/schema/context"
	xmlns:mvc="http://www.springframework.org/schema/mvc" xmlns:xsi="http://www.w3.org/2001/XMLSchema-instance"
	xsi:schemaLocation="http://www.springframework.org/schema/beans http://www.springframework.org/schema/beans/spring-beans-3.0.xsd
	                    http://www.springframework.org/schema/context http://www.springframework.org/schema/context/spring-context-3.0.xsd
	                    http://www.springframework.org/schema/mvc http://www.springframework.org/schema/mvc/spring-mvc-3.0.xsd">

	<mvc:annotation-driven />
	<context:component-scan base-package="edu.aits.controllers" />

	<bean class="org.apache.commons.dbcp.BasicDataSource">
		<property name="driverClassName" value="oracle.jdbc.driver.OracleDriver" />
		<property name="url" value="jdbc:oracle:thin:@localhost:1521:xe" />
		<property name="username" value="system" />
		<property name="password" value="manager" />
		<property name="initialSize" value="5" />
		<property name="maxActive" value="10" />
	</bean>
		
	<bean class="org.springframework.jdbc.core.simple.SimpleJdbcTemplate"
		autowire="constructor" />

	<!-- The @Controller is specialization of @Controller hence eligible for auto discovery -->
	<!-- <bean name="/nc.htm" class="edu.aspire.controllers.NewCustomerController"/> -->

	<!-- The below handler mapping is default -->
	<bean class="org.springframework.web.servlet.mvc.annotation.DefaultAnnotationHandlerMapping" />
</beans>