<?xml version="1.0"?>
<!DOCTYPE hibernate-mapping PUBLIC "-//Hibernate/Hibernate Mapping DTD 3.0//EN"
"http://hibernate.sourceforge.net/hibernate-mapping-3.0.dtd">
<hibernate-mapping>
	<class name="com.nit.entities.Orders" table="ORDER_DETAILS">
		<id name="orderId" column="ORDER_ID">
			<generator class="com.nit.util.OrderIdGenerator" />
		</id>
		<property name="orderBy" column="ORDER_BY" />
		<property name="orderPersonEmail" column="ORDR_PRSN_EMAIL" />
	</class>
	
	<query name="find_all_orders">
		From Orders 		
	</query>
	
</hibernate-mapping>