<?xml version="1.0"?>
<!DOCTYPE hibernate-mapping PUBLIC "-//Hibernate/Hibernate Mapping DTD 3.0//EN"
"http://hibernate.sourceforge.net/hibernate-mapping-3.0.dtd">
<!-- Generated Jan 27, 2018 9:57:26 AM by Hibernate Tools 3.4.0.CR1 -->
<hibernate-mapping>
	<class name="com.mtm.entities.Resource" table="RESOURCE_DETAILS">
		<id name="resourceId" type="java.lang.Integer">
			<column name="RESOURCE_ID" />
			<generator class="increment" />
		</id>
		<property name="resourceName" type="java.lang.String">
			<column name="RESOURCE_NAME" />
		</property>
		<property name="resourceEmail" type="java.lang.String">
			<column name="RESOURCEEMAIL" />
		</property>
		<set name="projects" table="PROJECT_RESOURCES" cascade="all">
			<key>
				<column name="RESOURCE_ID" />
			</key>
			<many-to-many class="com.mtm.entities.Project" column="PROJECT_ID" />
		</set>
	</class>
</hibernate-mapping>
