<?xml version="1.0"?>
<!DOCTYPE hibernate-mapping PUBLIC "-//Hibernate/Hibernate Mapping DTD 3.0//EN"
"http://hibernate.sourceforge.net/hibernate-mapping-3.0.dtd">
<hibernate-mapping>
	<class name="com.nit.entities.Customer" table="CUSTOMER_MASTER"
		dynamic-update="true">
		<id name="customerId" column="CUST_ID">
			<generator class="uuid"/>
		</id>
		<property name="customerName" column="CUST_NAME" />
		<property name="mobileNum" column="MOBILE_NUM" />
		<property name="emailId" column="CUST_EMAIL" />
		<property name="isActive" column="IS_ACTIVE" />
	</class>
</hibernate-mapping>
