<?xml version="1.0" encoding="UTF-8"?>
<beans:beans xmlns="http://www.springframework.org/schema/security"
    xmlns:xsi="http://www.w3.org/2001/XMLSchema-instance" xmlns:beans="http://www.springframework.org/schema/beans"
    xmlns:sec="http://www.springframework.org/schema/security"
    xsi:schemaLocation="
      http://www.springframework.org/schema/security
      http://www.springframework.org/schema/security/spring-security-3.2.xsd
      http://www.springframework.org/schema/beans
      http://www.springframework.org/schema/beans/spring-beans-4.0.xsd">
 
    <!-- Rest authentication entry point configuration -->
    <http use-expressions="true" entry-point-ref="customAuthenticationEntryPoint">
        <intercept-url pattern="/rest/**" access="hasAnyRole('ROLE_ADMIN','ROLE_REST')"/>
        <form-login authentication-success-handler-ref="successHandler"
            authentication-failure-handler-ref="failureHandler" />
 		<http-basic/>
        <logout />
    </http>
 
    <!-- Connect the custom authentication success handler -->
    <beans:bean id="successHandler"
        class="com.aits.rest.authentication.CustomSavedRequestAwareAuthenticationSuccessHandler" />
    <!-- Using default failure handler -->
    <beans:bean id="failureHandler"
        class="org.springframework.security.web.authentication.SimpleUrlAuthenticationFailureHandler" />
 
    <!-- Authentication manager -->
    <authentication-manager alias="authenticationManager">
        <authentication-provider>
        <user-service>
            <user name="admin" password="admin" authorities="ROLE_ADMIN"/>
            <user name="rest" password="rest" authorities="ROLE_REST"/>
            <user name="user" password="user" authorities="ROLE_USER"/>
         </user-service>
        </authentication-provider>
    </authentication-manager>
 
</beans:beans>