<?xml version="1.0"?>
<!DOCTYPE hibernate-mapping PUBLIC "-//Hibernate/Hibernate Mapping DTD 3.0//EN"
"http://hibernate.sourceforge.net/hibernate-mapping-3.0.dtd">
<!-- Generated Dec 23, 2017 8:19:10 AM by Hibernate Tools 3.4.0.CR1 -->
<hibernate-mapping>
	<class name="com.nit.entities.Author" table="AUTHOR">
		<id name="aid" type="java.lang.Integer">
			<column name="AUTHOR_ID" />
			<generator class="assigned" />
		</id>
		<property name="authorName" type="java.lang.String">
			<column name="AUTHOR_NAME" />
		</property>
		<property name="email" type="java.lang.String">
			<column name="EMAIL" />
		</property>
		<map name="books" table="BOOK" cascade="all">
			<key>
				<column name="AUTHOR_ID" />
			</key>
			<map-key type="java.lang.String" column="map_index" />
			<one-to-many class="com.nit.entities.Book" />
		</map>
	</class>
</hibernate-mapping>
