<?xml version="1.0"?>
<!DOCTYPE hibernate-mapping PUBLIC "-//Hibernate/Hibernate Mapping DTD 3.0//EN"
"http://hibernate.sourceforge.net/hibernate-mapping-3.0.dtd">
<hibernate-mapping>
	<class name="com.otm.entiteis.Book" table="BOOK_DETAILS">
		<id name="bookId" type="java.lang.Integer">
			<column name="BOOK_ID" />
			<generator class="increment" />
		</id>
		<property name="bookName" type="java.lang.String">
			<column name="BOOK_NAME" />
		</property>
		<property name="isbn" type="java.lang.String">
			<column name="ISBN" />
		</property>
		<property name="price" type="java.lang.Double">
			<column name="PRICE" />
		</property>
	</class>
</hibernate-mapping>
