<?xml version="1.0"?>
<!DOCTYPE hibernate-mapping PUBLIC "-//Hibernate/Hibernate Mapping DTD 3.0//EN"
"http://hibernate.sourceforge.net/hibernate-mapping-3.0.dtd">
<!-- Generated Jan 25, 2018 9:42:51 AM by Hibernate Tools 3.4.0.CR1 -->
<hibernate-mapping>
	<class name="com.otm.bd.entities.Book" table="BOOK">
		<id name="bookId" type="java.lang.Integer">
			<column name="BOOKID" />
			<generator class="increment" />
		</id>
		<property name="bookName" type="java.lang.String">
			<column name="BOOKNAME" />
		</property>
		<property name="bookPrice" type="java.lang.Double">
			<column name="BOOKPRICE" />
		</property>
		<many-to-one name="author" 
			class="com.otm.bd.entities.Author"
			fetch="select"
			>
			<column name="AUTHOR_ID" />
		</many-to-one>
	</class>
</hibernate-mapping>
