<?xml version="1.0" encoding="utf-8"?>

<cricket xmlns:xsi="http://www.w3.org/2001/XMLSchema-instance">
  <team country="India">
    <player>
      <player-name>Sachin</player-name>
      <total-runs>10000</total-runs>
      <no-of-100s>200</no-of-100s>
      <no-of-50s>250</no-of-50s>
    </player>
    <player>
      <player-name>Sehwag</player-name>
      <total-runs>8000</total-runs>
      <no-of-100s>150</no-of-100s>
      <no-of-50s>300</no-of-50s>
    </player>
    <player>
      <player-name>Ganguly</player-name>
      <total-runs>6443</total-runs>
      <no-of-100s>122</no-of-100s>
      <no-of-50s>23</no-of-50s>
    </player>
  </team>

  <team country="Australia">
    <player>
      <player-name>Smith</player-name>
      <total-runs>10000</total-runs>
      <no-of-100s>30</no-of-100s>
      <no-of-50s>70</no-of-50s>
    </player>
    <player>
      <player-name>Johnson</player-name>
      <total-runs>1000</total-runs>
      <no-of-100s>1</no-of-100s>
      <no-of-50s>3</no-of-50s>
    </player>
    <player>
      <player-name>Warner</player-name>
      <total-runs>6443</total-runs>
      <no-of-100s>12</no-of-100s>
      <no-of-50s>23</no-of-50s>
    </player>
  </team>
</cricket>
