<?xml version="1.0" encoding="UTF-8"?>
<taj:hotel-booking xmlns:taj="http://taj.hotels.in/bookings" xmlns:xsi="http://www.w3.org/2001/XMLSchema-instance" xsi:schemaLocation="http://taj.hotels.in/bookings file:///C:/NIT/Webservices/XSD/HotelBooking.xsd">
	<taj:customer>
		<taj:customer-name>Smith</taj:customer-name>
		<taj:customer-email>smith@in.com</taj:customer-email>
		<taj:customer-phno>799797979</taj:customer-phno>
	</taj:customer>
	<taj:room>
		<taj:room-type>AC</taj:room-type>
		<taj:check-in-date>2018-03-15</taj:check-in-date>
		<taj:check-out-date>2018-03-16</taj:check-out-date>
	</taj:room>
</taj:hotel-booking>
