<hibernate-configuration>
	<session-factory>
		<property name="hibernate.connection.driver_class">
			oracle.jdbc.driver.OracleDriver
		</property>
		<property name="hibernate.connection.url">
			jdbc:oracle:thin:@localhost:1521/XE
		</property>
		<property name="hibernate.connection.username">
			system
		</property>
		<property name="hibernate.connection.password">
			admin
		</property>


		<property name="show_sql">true</property>
		<property name="format_sql">true</property>
		<property name="dialect">org.hibernate.dialect.OracleDialect</property>
		<property name="hbm2ddl.auto">update</property>

		<mapping class="com.nit.apps.model.Employee" />
	</session-factory>
</hibernate-configuration>