<?xml version="1.0"?>
<!DOCTYPE hibernate-mapping PUBLIC "-//Hibernate/Hibernate Mapping DTD 3.0//EN"
"http://hibernate.sourceforge.net/hibernate-mapping-3.0.dtd">
<!-- Generated Jan 26, 2018 9:41:55 AM by Hibernate Tools 3.4.0.CR1 -->
<hibernate-mapping>
    <class name="com.mto.entities.State" table="STATE">
        <id name="stateId" type="java.lang.Integer">
            <column name="STATEID" />
            <generator class="assigned" />
        </id>
        <property name="stateName" type="java.lang.String">
            <column name="STATENAME" />
        </property>
        <many-to-one name="country" class="com.mto.entities.Country" fetch="join">
            <column name="COUNTRY" />
        </many-to-one>
    </class>
</hibernate-mapping>
